ID,time,model nbr,snr (dB),file,choice,correct?,srt,log-slope,var(srt),var(log-slope)
ID,20230601_172927,0.0,0.0,mrt_152_1_reverb_Office_1_snr_0_db.wav,gold,0.0,7.498509423365921,-2.314888674579177,3.4583604504110896,0.48808047806679306
ID,20230601_172927,0.0,8.0,mrt_139_1_reverb_Office_1_snr_8_db.wav,look,1.0,3.1331713392349134,-2.3461106971655217,3.399676844825053,0.4883956436238187
ID,20230601_172927,0.0,4.0,mrt_208_1_reverb_Office_1_snr_4_db.wav,dip,1.0,-0.45714647159194,-2.0126710382295268,4.39741994274566,0.7557242980753602
ID,20230601_172927,0.0,0.0,mrt_017_1_reverb_Office_1_snr_0_db.wav,back,1.0,-6.110539169470991,-2.277824573659966,5.157030981925297,0.8843731871795136
