ID,time,model nbr,snr (dB),file,choice,correct?,srt,log-slope,var(srt),var(log-slope)
Ben-test,20230724_104046,0.0,0.0,mrt_177_1_reverb_Office_1_snr_0_db.wav,eel,1.0,-6.902875604623501,-2.291258829549094,3.5214489128600355,0.4879050092848294
Ben-test,20230724_104046,0.0,-6.0,mrt_226_1_reverb_Office_1_snr_-6_db.wav,cqme,0.0,-1.0413929099790915,-2.3754418872433303,3.4652646264744704,0.48828505068268035
Ben-test,20230724_104046,0.0,1.0,mrt_208_1_reverb_Office_1_snr_1_db.wav,dip,1.0,-4.829975852480235,-1.886747351745429,4.507903124672521,0.7603878235762561
Ben-test,20230724_104046,0.0,-4.0,mrt_093_1_reverb_Office_1_snr_-4_db.wav, ,0.0,-1.2602504890587205,-1.6954780110155672,3.9244087449567635,0.9618153495237591
